{"val_acc": 76.41000006103516, "val_loss": 1.5936012882232666, "train_acc": 99.76200002685547, "trian_loss": 0.009614737607240676, "_throughput_": 38.62474167090448, "_timestamp": 1678775700.7639909, "_runtime": 555.4781618118286, "_step": 49, "_wandb": {"runtime": 557}}