{"val_acc": 75.68342232539129, "val_loss": 1.0810269699194075, "train_acc": 90.43666614922486, "trian_loss": 0.3562848101330012, "_throughput_": 0.08493301636795313, "_timestamp": 1678904502.55679, "_runtime": 36365.68797516823, "_step": 24, "_wandb": {"runtime": 36627}}