{"val_acc": 72.79, "val_loss": 1.7764769638061524, "train_acc": 98.076, "trian_loss": 0.05840825865507126, "_timestamp": 1678773502.504019, "_runtime": 514.530592918396, "_step": 49, "_wandb": {"runtime": 516}}