{"val_acc": 10.000000053405762, "val_loss": 2.7679595989227295, "train_acc": 9.947999999084473, "trian_loss": 2.788103326034546, "_throughput_": 5.689468314700366, "_timestamp": 1678777366.1481633, "_runtime": 108.14435124397278, "_step": 4, "_wandb": {"runtime": 114}}