{"val_acc": 18.77, "val_loss": 2.124302326202393, "train_acc": 17.61, "trian_loss": 2.16291499710083, "_timestamp": 1678771109.4691207, "_runtime": 47.43278479576111, "_step": 8, "_wandb": {"runtime": 49}}