{"val_acc": 77.56999989013671, "val_loss": 0.7974245683670044, "train_acc": 94.57400002441406, "trian_loss": 0.16642289915561675, "_throughput_": 5.343448022906191, "_timestamp": 1678832191.7006896, "_runtime": 257.7809865474701, "_step": 10, "_wandb": {"runtime": 273}}