{"val_acc": 52.383921693975616, "val_loss": 2.0860685421531358, "train_acc": 49.812376410461894, "trian_loss": 2.169848523830167, "_throughput_": 0.09711632106109679, "_timestamp": 1678836696.1043494, "_runtime": 1320.5396013259888, "_step": 0}