{"val_acc": 38.57, "val_loss": 1.6969013786315919, "train_acc": 37.186, "trian_loss": 1.722724439353943, "_timestamp": 1678771424.3503408, "_runtime": 278.10001373291016, "_step": 49, "_wandb": {"runtime": 279}}