{"val_acc": 10.0, "val_loss": 2.9937362670898438, "train_acc": 10.00000001373291, "trian_loss": 3.019390793991089, "_throughput_": 4.923029025391469, "_timestamp": 1678777558.3255239, "_runtime": 128.24062180519104, "_step": 4, "_wandb": {"runtime": 135}}