{"val_acc": 76.92, "val_loss": 1.942367075061798, "train_acc": 99.888, "trian_loss": 0.0043144752005487685, "_throughput_": 7.782544871759282, "_timestamp": 1678777125.9022095, "_runtime": 711.4501304626465, "_step": 49, "_wandb": {"runtime": 713}}