{"val_acc": 74.74, "val_loss": 1.0729351343154907, "train_acc": 95.69399999267578, "trian_loss": 0.13959043021202086, "_throughput_": 74.29555293532721, "_timestamp": 1678776356.1070993, "_runtime": 580.7912032604218, "_step": 49, "_wandb": {"runtime": 583}}