{"acc": 27.73, "loss": 1.8233627798080445, "_timestamp": 1678767543.3707306, "_runtime": 14.351297616958618, "_step": 0, "_wandb": {"runtime": 14}}