{"val_acc": 72.58, "val_loss": 0.815794068145752, "train_acc": 78.18, "trian_loss": 0.6279730937767029, "_timestamp": 1678772943.9759214, "_runtime": 500.6168444156647, "_step": 49, "_wandb": {"runtime": 502}}