{"val_acc": 10.0, "val_loss": 4.087867259979248, "train_acc": 10.126000310058593, "trian_loss": 4.565684876556396, "_throughput_": 5.301765843401704, "_timestamp": 1678777651.9412365, "_runtime": 58.08745551109314, "_step": 1, "_wandb": {"runtime": 74}}