{"val_acc": 70.83802746789212, "val_loss": 1.311714696618428, "train_acc": 93.00300577641427, "trian_loss": 0.2798069895848662, "_throughput_": 0.09832842074911305, "_timestamp": 1678850670.1426823, "_runtime": 13327.043509244919, "_step": 9, "_wandb": {"runtime": 13361}}