{"val_acc": 68.76, "val_loss": 1.2879008255004882, "train_acc": 87.954, "trian_loss": 0.3396731651878357, "_timestamp": 1678774109.6975253, "_runtime": 536.0384621620178, "_step": 49, "_wandb": {"runtime": 538}}