{"val_acc": 76.96, "val_loss": 1.795891164970398, "train_acc": 99.87, "trian_loss": 0.004810891033504158, "_throughput_": 19.52388565358139, "_timestamp": 1678774768.40449, "_runtime": 551.3771479129791, "_step": 49, "_wandb": {"runtime": 553}}