{"acc": 75.78, "loss": 1.063512462425232, "_timestamp": 1678767433.2787964, "_runtime": 276.26551032066345, "_step": 24, "_wandb": {"runtime": 278}}