{"val_acc": 77.44, "val_loss": 1.6876779642105102, "train_acc": 99.894, "trian_loss": 0.00503416267035529, "_timestamp": 1678768265.450014, "_runtime": 476.66525506973267, "_step": 49, "_wandb": {"runtime": 478}}