{"val_acc": 75.67, "val_loss": 0.7994102241516113, "train_acc": 85.32399999511719, "trian_loss": 0.42218973972320556, "_throughput_": 24.527118107807343, "_timestamp": 1678775037.4342165, "_runtime": 215.12400245666504, "_step": 18, "_wandb": {"runtime": 218}}