{"val_acc": 85.78999970703126, "val_loss": 0.7045354983329774, "train_acc": 100.0, "trian_loss": 0.00010425815130583942, "_throughput_": 5.007522996073139, "_timestamp": 1678834740.326879, "_runtime": 2488.8474390506744, "_step": 99, "_wandb": {"runtime": 2490}}