{"val_acc": 64.48, "val_loss": 1.002995767211914, "train_acc": 63.024, "trian_loss": 1.0301015977478027, "_throughput_": 10.247863651324394, "_timestamp": 1678867148.2491224, "_runtime": 58.737860441207886, "_step": 4, "_wandb": {"runtime": 60}}