{"val_acc": 66.64, "val_loss": 0.9409897399902344, "train_acc": 66.288, "trian_loss": 0.9531743445205688, "_throughput_": 10.10295375451202, "_timestamp": 1678866827.7909405, "_runtime": 63.03141450881958, "_step": 4, "_wandb": {"runtime": 64}}