{"val_acc": 10.0, "val_loss": 2.311903879547119, "train_acc": 9.848, "trian_loss": 2.312693239593506, "_timestamp": 1678771719.193379, "_runtime": 26.7724609375, "_step": 3, "_wandb": {"runtime": 33}}