{"val_acc": 10.0, "val_loss": 2.3025880310058593, "train_acc": 10.0, "trian_loss": 2.3025893408203126, "_timestamp": 1678772309.9077797, "_runtime": 481.4901647567749, "_step": 49, "_wandb": {"runtime": 483}}