{"val_acc": 70.78, "val_loss": 0.8579734123229981, "train_acc": 73.298, "trian_loss": 0.7679426132202148, "_timestamp": 1678767706.0216098, "_runtime": 77.99514079093933, "_step": 7, "_wandb": {"runtime": 82}}